experiment,metric,value,unit,source_id
baseline,wins,198,count,baseline
baseline,losses,202,count,baseline
baseline,draws,0,count,baseline
baseline,games,400,count,baseline
ismcts_same,wins,111,count,ismcts_same
ismcts_same,losses,289,count,ismcts_same
ismcts_same,draws,0,count,ismcts_same
ismcts_same,games,400,count,ismcts_same
ismcts_cross,wins,108,count,ismcts_cross
ismcts_cross,losses,292,count,ismcts_cross
ismcts_cross,draws,0,count,ismcts_cross
ismcts_cross,games,400,count,ismcts_cross
gumbel_same,wins,204,count,gumbel_same
gumbel_same,losses,196,count,gumbel_same
gumbel_same,draws,0,count,gumbel_same
gumbel_same,games,400,count,gumbel_same
baseline_first,wins,116,count,baseline
baseline_first,losses,84,count,baseline
baseline_first,draws,0,count,baseline
baseline_first,games,200,count,baseline
baseline_second,wins,82,count,baseline
baseline_second,losses,118,count,baseline
baseline_second,draws,0,count,baseline
baseline_second,games,200,count,baseline
brier_baseline,p_win,0.580554,ratio,brier
brier_baseline,p_draw,0.0,ratio,brier
brier_baseline,p_loss,0.419446,ratio,brier
brier_baseline,recorded_brier,0.487022,ratio,brier
brier_baseline,rows,17392,count,brier
brier_baseline,episodes,185,count,brier
engine_round2,before_seconds,3.814307209,seconds,engine
engine_round2,after_seconds,2.546774833,seconds,engine
engine_round2,reported_speedup,1.497701,ratio,engine
engine_round2,parity_games,50,count,engine
engine_round2,parity_moves,9844,count,engine
engine_round2,timing_batches_per_arm,15,count,engine
engine_round2,games_per_timing_batch,20,count,engine
rollout_gate,completed,32,count,rollout
rollout_gate,requested,32,count,rollout
rollout_gate,decision_records,5513,count,rollout
rollout_gate,illegal_actions,0,count,rollout
